{
  "runtime_sec": 3.7201626300811768,
  "max_disp": 7.054327964782715,
  "mean_disp": 1.9687613248825073,
  "device": "cpu"
}