{
  "mean_jacobian": 0.9999878406524658,
  "std_jacobian": 0.11466102302074432,
  "negative_jacobian_pct": 0.0
}