{
  "max_displacement": 7.054327964782715,
  "mean_displacement": 1.9687613248825073,
  "ncc_similarity": 0.9876299645398302,
  "smoothness": 0.1640746295452118,
  "accepted": true
}